<?xml version="1.0" encoding="UTF-8" ?>
<!DOCTYPE configuration
PUBLIC "-//mybatis.org//DTD Config 3.0//EN"
"http://mybatis.org/dtd/mybatis-3-config.dtd">
<configuration>

    <!-- jdbc.properties 등록 -->
    <properties resource="com/config/jdbc.properties" /> 
    
    <typeAliases>
     <typeAlias type="com.dto.StudentDTO" alias="StudentDTO"/>
    </typeAliases>
    
       
	<environments default="development">
		<environment id="development">
			<transactionManager type="JDBC" />
			<dataSource type="POOLED">
				<property name="driver" value="${jdbc.driver}" />
				<property name="url" value="${jdbc.url}" />
				<property name="username" value="${jdbc.userid}" />
				<property name="password" value="${jdbc.passwd}" />
			</dataSource>
		</environment>
	</environments>
	<mappers>
		<mapper resource="com/config/StudentMapper.xml" />
	</mappers>
</configuration>

