<?xml version="1.0" encoding="UTF-8" ?>
<!DOCTYPE mapper
PUBLIC "-//mybatis.org//DTD Mapper 3.0//EN"
"http://mybatis.org/dtd/mybatis-3-mapper.dtd">
<mapper namespace="com.emp.Mapper">

    <select id="selectBySearchNo" resultType="StudentDTO" parameterType="arraylist">
  	  select 
		  student_no stuNo,
		  department_no departNo,
		  student_name stuName,
		  rpad( substr(student_ssn, 1, 8 ) , 14, '*' ) stuSsn,
	  CASE WHEN student_address IS NULL THEN '***주소 미상***   '
		       ELSE concat(substr(student_address, 1, 10),'...' ) 
		  END stuAddress,
		  DATE_FORMAT(entrance_date,'%Y/%m/%d') entDate,
		  absence_yn absYn,
		  coach_professor_no coachProfessorNo
		 from tb_student
		 where student_no 
		 IN
		 <foreach collection="list" item="item" open="(" separator="," close=")">
		   #{item}
		 </foreach>
	</select>
	
	

     <select id="selectByEntranceDate" resultType="StudentDTO" parameterType="hashmap">
  	  select 
		  student_no stuNo,
		  department_no departNo,
		  student_name stuName,
		  rpad( substr(student_ssn, 1, 8 ) , 14, '*' ) stuSsn,
	  CASE WHEN student_address IS NULL THEN '***주소 미상***   '
		       ELSE concat(substr(student_address, 1, 10),'...' ) 
		  END stuAddress,
		  DATE_FORMAT(entrance_date,'%Y/%m/%d') entDate,
		  absence_yn absYn,
		  coach_professor_no coachProfessorNo
		 from tb_student
		 where  DATE_FORMAT(entrance_date,'%Y') BETWEEN #{startDate} AND #{endDate}
		 order by entrance_date desc
	</select>
	
   
     <select id="selectByName" resultType="StudentDTO" parameterType="string">
	  select 
		  student_no stuNo,
		  department_no departNo,
		  student_name stuName,
		  rpad( substr(student_ssn, 1, 8 ) , 14, '*' ) stuSsn,
	  CASE WHEN student_address IS NULL THEN '***주소 미상***   '
		       ELSE concat(substr(student_address, 1, 10),'...' ) 
		  END stuAddress,
		  DATE_FORMAT(entrance_date,'%Y/%m/%d') entDate,
		  absence_yn absYn,
		  coach_professor_no coachProfessorNo
		 from tb_student
		 where student_name like concat('%',#{searchName},'%')
	</select>



	<select id="selectAllStudent" resultType="StudentDTO">
		 select 
		  student_no stuNo,
		  department_no departNo,
		  student_name stuName,
		  rpad( substr(student_ssn, 1, 8 ) , 14, '*' ) stuSsn,
	  CASE WHEN student_address IS NULL THEN '***주소 미상***   '
		       ELSE concat(substr(student_address, 1, 10),'...' ) 
		  END stuAddress,
		  DATE_FORMAT(entrance_date,'%Y/%m/%d') entDate,
		  absence_yn absYn,
		  coach_professor_no coachProfessorNo
		 from tb_student
		 order by student_no asc
	</select>
</mapper>










